group,level,required_points,reward_gold,reward_gem,reward_dice,reward_desc
1,1,10,1000,,,[一級獎勵]
1,2,20,,20,20,[二級獎勵]
1,3,50,,,50,[三級獎勵]
1,4,100,10000,40,100,[四級獎勵]
1,5,200,,,200,[五級獎勵]
1,6,400,,,1000,[六級獎勵]
1,7,800,,,2000,[七級獎勵]
1,8,1500,,,4000,[八級獎勵]
1,9,3000,,,6000,[九級獎勵]
1,10,5000,,,10000,[十級獎勵]
1,11,8000,500000,,15000,[十一級獎勵]
1,12,10000,,5000,,[十二級獎勵]
1,13,20000,,,30000,[十三級獎勵]
1,14,40000,1500000,,50000,[十四級獎勵]
1,15,60000,,,80000,[十五級獎勵]
1,16,100000,10000000,50000,200000,[終極獎勵]
2,1,20,2000,0,0,[一級獎勵]
2,2,40,0,40,40,[二級獎勵]
2,3,100,0,0,100,[三級獎勵]
2,4,200,20000,80,200,[四級獎勵]
2,5,400,0,0,400,[五級獎勵]
2,6,800,0,0,2000,[六級獎勵]
2,7,1600,0,0,4000,[七級獎勵]
2,8,3000,0,0,8000,[八級獎勵]
2,9,6000,0,0,12000,[九級獎勵]
2,10,10000,0,0,20000,[十級獎勵]
2,11,16000,1000000,0,30000,[十一級獎勵]
2,12,20000,0,10000,0,[十二級獎勵]
2,13,40000,0,0,60000,[十三級獎勵]
2,14,80000,3000000,0,100000,[十四級獎勵]
2,15,120000,0,0,160000,[十五級獎勵]
2,16,200000,20000000,100000,400000,[終極獎勵]
3,1,40,4000,0,0,[一級獎勵]
3,2,80,0,80,80,[二級獎勵]
3,3,200,0,0,200,[三級獎勵]
3,4,400,40000,160,400,[四級獎勵]
3,5,800,0,0,800,[五級獎勵]
3,6,1600,0,0,4000,[六級獎勵]
3,7,3200,0,0,8000,[七級獎勵]
3,8,6000,0,0,16000,[八級獎勵]
3,9,12000,0,0,24000,[九級獎勵]
3,10,20000,0,0,40000,[十級獎勵]
3,11,32000,2000000,0,60000,[十一級獎勵]
3,12,40000,0,20000,0,[十二級獎勵]
3,13,80000,0,0,120000,[十三級獎勵]
3,14,160000,6000000,0,200000,[十四級獎勵]
3,15,240000,0,0,320000,[十五級獎勵]
3,16,400000,40000000,200000,800000,[終極獎勵]
4,1,80,8000,0,0,[一級獎勵]
4,2,160,0,160,160,[二級獎勵]
4,3,400,0,0,400,[三級獎勵]
4,4,800,80000,320,800,[四級獎勵]
4,5,1600,0,0,1600,[五級獎勵]
4,6,3200,0,0,8000,[六級獎勵]
4,7,6400,0,0,16000,[七級獎勵]
4,8,12000,0,0,32000,[八級獎勵]
4,9,24000,0,0,48000,[九級獎勵]
4,10,40000,0,0,80000,[十級獎勵]
4,11,64000,4000000,0,120000,[十一級獎勵]
4,12,80000,0,40000,0,[十二級獎勵]
4,13,160000,0,0,240000,[十三級獎勵]
4,14,320000,12000000,0,400000,[十四級獎勵]
4,15,480000,0,0,640000,[十五級獎勵]
4,16,800000,80000000,400000,1600000,[終極獎勵]
5,1,160,16000,0,0,[一級獎勵]
5,2,320,0,320,320,[二級獎勵]
5,3,800,0,0,800,[三級獎勵]
5,4,1600,160000,640,1600,[四級獎勵]
5,5,3200,0,0,3200,[五級獎勵]
5,6,6400,0,0,16000,[六級獎勵]
5,7,12800,0,0,32000,[七級獎勵]
5,8,24000,0,0,64000,[八級獎勵]
5,9,48000,0,0,96000,[九級獎勵]
5,10,80000,0,0,160000,[十級獎勵]
5,11,128000,8000000,0,240000,[十一級獎勵]
5,12,160000,0,80000,0,[十二級獎勵]
5,13,320000,0,0,480000,[十三級獎勵]
5,14,640000,24000000,0,800000,[十四級獎勵]
5,15,960000,0,0,1280000,[十五級獎勵]
5,16,1600000,160000000,800000,3200000,[終極獎勵]
6,1,320,32000,0,0,[一級獎勵]
6,2,640,0,640,640,[二級獎勵]
6,3,1600,0,0,1600,[三級獎勵]
6,4,3200,320000,1280,3200,[四級獎勵]
6,5,6400,0,0,6400,[五級獎勵]
6,6,12800,0,0,32000,[六級獎勵]
6,7,25600,0,0,64000,[七級獎勵]
6,8,48000,0,0,128000,[八級獎勵]
6,9,96000,0,0,192000,[九級獎勵]
6,10,160000,0,0,320000,[十級獎勵]
6,11,256000,16000000,0,480000,[十一級獎勵]
6,12,320000,0,160000,0,[十二級獎勵]
6,13,640000,0,0,960000,[十三級獎勵]
6,14,1280000,48000000,0,1600000,[十四級獎勵]
6,15,1920000,0,0,2560000,[十五級獎勵]
6,16,3200000,320000000,1600000,6400000,[終極獎勵]
7,1,640,64000,0,0,[一級獎勵]
7,2,1280,0,1280,1280,[二級獎勵]
7,3,3200,0,0,3200,[三級獎勵]
7,4,6400,640000,2560,6400,[四級獎勵]
7,5,12800,0,0,12800,[五級獎勵]
7,6,25600,0,0,64000,[六級獎勵]
7,7,51200,0,0,128000,[七級獎勵]
7,8,96000,0,0,256000,[八級獎勵]
7,9,192000,0,0,384000,[九級獎勵]
7,10,320000,0,0,640000,[十級獎勵]
7,11,512000,32000000,0,960000,[十一級獎勵]
7,12,640000,0,320000,0,[十二級獎勵]
7,13,1280000,0,0,1920000,[十三級獎勵]
7,14,2560000,96000000,0,3200000,[十四級獎勵]
7,15,3840000,0,0,5120000,[十五級獎勵]
7,16,6400000,640000000,3200000,12800000,[終極獎勵]
8,1,1280,128000,0,0,[一級獎勵]
8,2,2560,0,2560,2560,[二級獎勵]
8,3,6400,0,0,6400,[三級獎勵]
8,4,12800,1280000,5120,12800,[四級獎勵]
8,5,25600,0,0,25600,[五級獎勵]
8,6,51200,0,0,128000,[六級獎勵]
8,7,102400,0,0,256000,[七級獎勵]
8,8,192000,0,0,512000,[八級獎勵]
8,9,384000,0,0,768000,[九級獎勵]
8,10,640000,0,0,1280000,[十級獎勵]
8,11,1024000,64000000,0,1920000,[十一級獎勵]
8,12,1280000,0,640000,0,[十二級獎勵]
8,13,2560000,0,0,3840000,[十三級獎勵]
8,14,5120000,192000000,0,6400000,[十四級獎勵]
8,15,7680000,0,0,10240000,[十五級獎勵]
8,16,12800000,1280000000,6400000,25600000,[終極獎勵]
9,1,2560,256000,0,0,[一級獎勵]
9,2,5120,0,5120,5120,[二級獎勵]
9,3,12800,0,0,12800,[三級獎勵]
9,4,25600,2560000,10240,25600,[四級獎勵]
9,5,51200,0,0,51200,[五級獎勵]
9,6,102400,0,0,256000,[六級獎勵]
9,7,204800,0,0,512000,[七級獎勵]
9,8,384000,0,0,1024000,[八級獎勵]
9,9,768000,0,0,1536000,[九級獎勵]
9,10,1280000,0,0,2560000,[十級獎勵]
9,11,2048000,128000000,0,3840000,[十一級獎勵]
9,12,2560000,0,1280000,0,[十二級獎勵]
9,13,5120000,0,0,7680000,[十三級獎勵]
9,14,10240000,384000000,0,12800000,[十四級獎勵]
9,15,15360000,0,0,20480000,[十五級獎勵]
9,16,25600000,2560000000,12800000,51200000,[終極獎勵]
10,1,5120,512000,0,0,[一級獎勵]
10,2,10240,0,10240,10240,[二級獎勵]
10,3,25600,0,0,25600,[三級獎勵]
10,4,51200,5120000,20480,51200,[四級獎勵]
10,5,102400,0,0,102400,[五級獎勵]
10,6,204800,0,0,512000,[六級獎勵]
10,7,409600,0,0,1024000,[七級獎勵]
10,8,768000,0,0,2048000,[八級獎勵]
10,9,1536000,0,0,3072000,[九級獎勵]
10,10,2560000,0,0,5120000,[十級獎勵]
10,11,4096000,256000000,0,7680000,[十一級獎勵]
10,12,5120000,0,2560000,0,[十二級獎勵]
10,13,10240000,0,0,15360000,[十三級獎勵]
10,14,20480000,768000000,0,25600000,[十四級獎勵]
10,15,30720000,0,0,40960000,[十五級獎勵]
10,16,51200000,5120000000,25600000,102400000,[終極獎勵]
